Cell ID ,Area,Perimeter,Length,Width,Eccentricity,Irregularity,Cell Cycle Phase
1,224,56,17.654193,14.844158,0.497218210,4.203413523,1
2,244,65,17.465325,14.696258,0.432747327,4.250198706,1
3,258,66,18.221014,13.966350,0.308387140,4.252024485,1
4,232,65,17.787353,15.744487,0.260110017,4.179403949,1
5,267,59,17.518741,15.527240,0.447303479,4.321702485,1
6,254,53,14.970959,11.332076,0.353242020,4.100944694,1
7,258,58,15.561851,16.186306,0.309757689,4.208788300,1
8,235,69,19.637273,15.893779,0.458487361,4.304493253,1
9,276,75,19.493521,15.895048,0.604925904,4.327484976,2
10,196,63,15.802251,16.075863,0.576403498,4.285740050,1
11,290,54,17.811945,13.007857,0.361471580,4.343876448,1
12,231,71,18.506475,14.558171,0.499599519,4.295501366,1
13,256,57,16.781193,14.213483,0.328526079,4.343795563,1
14,227,60,19.498605,13.987152,0.387697624,3.980632785,1
15,279,77,21.873098,18.390240,0.547968651,4.393977356,2
16,276,68,19.786710,15.383171,0.308796127,4.337440091,1
17,361,77,20.937196,19.529651,0.510523603,4.567097854,2
18,281,69,18.630259,16.373454,0.706565313,4.466128685,2
19,140,67,19.421928,15.778193,0.359508109,4.138440032,1
20,302,56,15.889799,14.401073,0.569796323,4.162000396,1
21,234,58,15.517421,15.307924,0.286942064,4.335075780,1
22,410,77,21.589765,18.648534,0.406640963,4.344121885,2
23,467,77,20.133893,19.784991,0.745048942,4.714696467,3
24,307,73,19.904536,14.727730,0.571496504,4.335079420,2
25,204,63,18.640784,12.803398,0.376499116,4.253949224,1
26,291,62,17.911704,13.435857,0.470363544,4.287208323,1
27,273,79,23.380107,16.731844,0.626980708,4.525629521,2
28,394,97,28.951429,18.589925,0.647443934,4.515675385,3
29,235,69,19.038755,16.674024,0.363585553,3.995545930,1
30,391,82,22.601577,19.593738,0.746832411,4.360701061,3
31,296,68,17.885647,17.279425,0.545026391,4.263113223,2
32,250,62,16.844926,15.560493,0.531657143,4.127353337,1
33,305,77,25.758622,13.806546,0.626481232,4.320188147,2
34,310,66,17.982854,18.137321,0.371363724,4.265566565,1
35,201,69,18.124966,14.604400,0.442274074,3.946346377,1
36,223,64,21.485811,13.590043,0.452178928,4.631442473,1
37,236,69,19.852330,17.308733,0.626267404,4.527747669,2
38,300,81,22.999431,20.184356,0.731222892,4.226028570,3
39,369,79,25.465751,17.442530,0.584023254,4.198773263,2
40,232,63,19.006395,15.812258,0.367397059,4.070247510,1
41,181,65,19.286818,11.762806,0.383339417,4.278484183,1
42,233,71,20.002568,14.441394,0.338115561,4.132328905,1
43,272,73,18.974796,19.662376,0.416442449,4.300645455,1
44,221,77,22.632343,17.109247,0.266057240,4.168019978,1
45,341,60,18.168261,13.216658,0.340299633,4.350755510,2
46,397,75,22.229748,16.241220,0.457465044,4.546086230,3
47,351,72,22.660671,16.313927,0.698418706,4.342272302,2
48,354,71,22.654933,14.734821,0.697195866,4.534983983,3
49,272,75,21.780788,19.175306,0.554208067,4.294007631,2
50,302,69,18.343992,16.412109,0.556730049,4.599808229,2
51,353,71,19.502808,17.604882,0.424667928,4.400554891,2
52,342,90,28.598574,19.107798,0.470699887,4.577400384,3
53,230,68,18.931530,15.546746,0.195693352,4.069418433,1
54,365,78,24.996621,19.304752,0.323890973,4.460032676,2
55,298,54,18.506699,13.402364,0.641089104,4.303716213,1
56,242,55,16.537720,15.155814,0.368828592,4.398554205,1
57,396,85,28.172633,16.876864,0.703171354,4.528280230,3
58,412,78,24.223216,16.689972,0.873821772,4.610826100,3
59,348,79,22.195966,20.169506,0.663887394,4.564321349,3
60,411,84,23.733248,19.422166,0.659846800,4.616142222,3
61,374,77,22.022512,16.695808,0.598518950,4.362171730,3
62,378,93,27.611232,21.846928,0.682664472,4.283277592,3
63,376,70,20.576583,17.799211,0.711564094,4.435680102,3
64,270,82,24.752036,16.360531,0.458707687,4.311523209,2
65,346,83,25.108249,19.364616,0.762402962,4.695957254,3
66,437,76,22.176437,17.565536,0.811569589,4.615132556,3
67,180,64,19.123320,14.117478,0.318372669,4.135742547,1
68,274,85,24.829755,18.478255,0.615702096,4.645169821,3
69,350,77,22.458962,19.312242,0.513231908,4.453432860,3
70,233,62,18.422253,15.051503,0.544833288,4.249648195,1
71,179,67,19.443700,15.739405,0.579589050,4.122830872,1
72,228,64,17.824778,15.014546,0.231400656,4.327248119,1
73,277,78,22.499149,14.553446,0.416024251,4.221271863,1
74,157,56,18.971536,12.940836,0.136027214,3.957291737,1
75,275,55,16.263279,14.681559,0.292013596,4.299423562,1
76,285,62,16.013789,13.929242,0.433501515,4.223212459,1
77,235,58,15.584331,14.215531,0.356993766,4.314255489,1
78,300,79,22.826175,15.807255,0.535014288,4.383498853,2
79,300,69,20.263322,15.031244,0.625465740,4.283606101,2
80,150,59,20.086374,13.135287,0.334492340,4.357615548,1
81,227,54,18.148512,13.602020,0.567722630,4.414841179,1
82,169,65,19.616464,13.175766,0.377249891,4.236841771,1
83,221,62,18.190442,13.912574,0.562159776,4.155609199,1
84,209,65,18.212647,14.764572,0.402128941,4.088208488,1
85,451,85,24.559241,19.371736,0.772187467,4.629918009,3
86,239,60,19.728015,15.096365,0.312868977,4.223100286,1
87,305,76,21.868082,18.453971,0.566640501,4.480658177,2
88,187,54,15.177241,13.642372,0.269723751,4.302382015,1
89,331,73,21.154206,18.166074,0.666621207,4.276106059,2
90,280,64,17.595245,17.612826,0.680767427,4.359164309,2
91,276,58,13.310075,15.248465,0.435761237,4.145788583,1
92,429,74,23.399338,18.061286,0.637317364,4.428303213,3
93,368,85,23.158800,17.797249,0.429623049,4.630509871,2
94,314,65,19.101137,15.300355,0.596040349,4.241308162,2
95,355,65,17.835670,19.608593,0.722337925,4.199178840,2
96,218,64,15.937714,14.630791,0.136069544,4.190268733,1
97,183,65,17.453862,12.914547,0.490206128,4.190708505,1
98,390,81,23.143986,19.080436,0.624314924,4.312496855,3
99,223,70,18.332630,15.525640,0.363864836,4.274804928,1
100,183,70,21.474851,14.660075,0.335671069,4.535538674,1
101,449,75,25.880467,15.511048,0.693290156,4.426455234,3
102,291,80,24.235268,19.144405,0.722973500,4.457184002,3
103,189,55,16.889679,13.553723,0.397639788,4.217024679,1
104,220,61,16.479360,14.993739,0.475779648,4.243156280,1
105,229,71,20.204737,17.015109,0.620527871,4.152259563,2
106,281,64,17.642779,14.867339,0.469550257,4.252125364,1
107,308,70,21.320242,15.426333,0.531251835,4.522905865,2
108,372,77,22.869542,19.459497,0.585985301,4.627470307,3
109,186,62,18.411879,15.182251,0.452731303,4.358129826,1
110,325,71,19.089384,18.488754,0.619570453,4.429747439,2
111,341,75,23.247045,19.002847,0.677889747,4.517324253,3
112,238,60,16.616145,13.483329,0.402984607,3.978654447,1
113,344,60,20.887784,15.109327,0.446009430,4.340354003,2
114,389,84,25.528194,17.700968,0.625615739,4.525475416,3
115,355,75,21.038633,15.565364,0.499260845,4.383652946,2
116,290,60,18.789694,15.294840,0.319403193,4.402873220,2
117,178,46,14.047971,13.434816,0.482525592,4.049523965,1
118,237,58,17.317657,15.605066,0.501461579,4.218895139,1
119,374,80,25.150597,17.267218,0.521879263,4.654365689,3
120,286,76,21.033521,18.145709,0.578998173,4.316680622,2
121,320,66,20.775573,15.942020,0.296549147,4.707767637,1
122,214,64,16.600222,17.277649,0.466226408,4.034473755,1
123,330,67,20.331186,14.769715,0.470246324,4.303209628,2
124,354,86,25.691007,16.680084,0.489547444,4.396484918,3
125,279,84,25.915699,17.337226,0.421913133,4.251542794,2
126,181,70,22.749157,13.612753,0.494903780,4.409816886,1
127,188,57,17.453867,15.507103,0.516332730,4.227373202,1
128,232,57,16.653284,11.943470,0.343268379,4.033781412,1
129,477,92,28.275133,17.282866,0.628586619,4.596429480,3
130,359,86,23.671937,21.731087,0.668180333,4.432054998,3
131,409,81,21.650224,17.802556,0.551700332,4.461043103,3
132,417,76,23.787151,16.707021,0.645745124,4.647102666,3
133,453,77,20.840636,17.735926,0.871704077,4.218902572,3
134,287,73,23.792816,17.923944,0.770672284,4.058363960,3
135,279,68,21.077480,15.260175,0.525704633,4.205797488,2
136,338,82,24.561249,19.130272,0.837622307,4.408101404,3
137,307,67,20.380670,16.522014,0.378160340,4.408328127,2
138,332,77,20.347310,20.057603,0.664532999,4.660928878,3
139,227,68,18.724237,17.736898,0.465774901,4.218255274,2
140,371,76,21.672705,17.678168,0.627365806,4.137401451,3
141,339,78,27.000211,16.359801,0.506244178,4.666267352,3
142,348,82,25.373874,17.672566,0.497898083,4.526324933,3
143,444,86,25.353890,22.000000,0.498951656,4.496965535,3
144,438,79,25.890227,19.406461,0.594493485,4.395678779,3
145,465,86,25.168904,17.782624,0.782686688,4.605128175,3
146,299,74,22.358177,18.512707,0.719096326,4.634012881,3
147,386,96,29.072314,19.307075,0.775761917,4.497313782,3
148,470,87,24.245277,20.158365,0.583734668,4.582613827,3
149,342,91,26.525686,17.119605,0.591423682,4.499833071,3
150,395,81,26.152305,17.029124,0.688524720,4.335282108,3
151,422,89,23.911686,20.522074,0.657734191,4.472288970,3
152,348,77,20.504541,20.282043,0.725560666,4.196872707,3
153,360,83,28.013131,17.033614,0.616115514,4.372543885,3
154,345,65,20.697374,16.550084,0.503275624,4.290380979,3
155,354,72,22.427516,16.237647,0.732609796,4.493269377,3
156,357,86,27.663623,18.583703,0.732291616,4.137954408,3
157,271,76,23.019730,18.797296,0.605827246,4.572605236,3
158,409,72,20.426699,17.781299,0.726178792,4.575028910,3
159,311,58,17.171160,14.368606,0.116454179,4.449961397,1
160,181,72,20.641809,16.729709,0.431915819,4.033460196,1
161,349,79,21.307225,19.869396,0.445414870,4.579402856,3
162,483,78,24.747900,14.906510,0.588026691,4.509053369,3
163,271,60,14.080648,14.538070,0.526684704,4.420716073,1
164,214,74,20.195211,17.396397,0.551787648,4.314079084,1
165,197,57,15.105500,16.375987,0.381822651,4.216342635,1
166,213,61,18.465499,13.569397,0.427535001,4.251987134,1
167,199,73,19.573240,17.621692,0.353863274,4.380480171,1
168,140,60,16.477612,14.109824,0.505994871,4.244503425,1
169,412,74,21.932492,17.005520,0.545482214,4.476162116,3
170,389,82,22.327192,19.650439,0.780882190,4.716512633,3
171,389,91,25.546575,19.175603,0.608300361,4.680513948,3
172,479,84,24.081019,18.718833,0.725799478,4.499643621,3
173,374,87,23.554298,21.014371,0.698118698,4.509381428,3
174,236,60,18.583245,14.911010,0.285754186,4.215973677,1
175,239,59,15.637124,16.283393,0.502415824,4.256455673,1
176,324,60,16.873503,14.954770,0.533639341,4.404883726,2
177,188,61,18.266892,14.364819,0.302454325,4.262835262,1
178,360,73,22.397617,17.702007,0.585383329,4.250126863,2
179,237,81,27.045926,14.980833,0.526918498,4.313149408,2
180,351,66,19.702807,16.602890,0.527026352,4.482250857,3
181,201,63,18.431758,14.184101,0.522530355,4.169796628,1
182,174,64,19.313746,14.432743,0.464963389,4.262900672,1
183,239,60,17.229407,16.884554,0.522771774,4.282724254,1
184,184,63,16.672277,14.656996,0.469281724,4.103450080,1
185,230,51,13.974436,14.334556,0.135629619,4.122275268,1
186,349,82,23.251917,17.569437,0.614689221,4.710349568,3
187,182,56,20.507800,12.730086,0.330392661,4.418275057,1
188,409,71,21.116964,17.969600,0.660177647,4.737608590,3
189,227,65,19.254040,14.647512,0.329572594,4.212304029,1
190,267,57,16.113895,14.371217,0.455523696,4.198268233,1
191,379,79,22.399569,16.920495,0.728480320,4.346685987,3
192,391,79,21.063955,18.652843,0.698400646,4.606702594,3
193,215,59,16.584475,14.151626,0.312080273,4.122962596,1
194,306,64,19.968150,15.492616,0.588267490,4.294792128,2
195,224,59,17.471013,13.501942,0.510989399,4.329981616,1
196,236,65,19.054616,14.956709,0.518042147,4.435281103,1
197,248,60,19.746903,14.526740,0.295886503,4.337780106,1
198,305,63,19.740867,15.262768,0.425620553,4.447676533,1
199,181,60,16.803728,14.633484,0.309288384,4.240001940,1
200,339,84,27.687021,15.972682,0.539560486,4.552656804,3
201,401,77,22.576368,16.546656,0.608990218,4.404296657,3
202,356,88,25.751290,19.140921,0.794465597,4.626100664,3
203,262,57,16.966615,14.633362,0.218686015,4.257927573,1
204,323,69,22.107717,14.571859,0.438477670,4.314584976,2
205,388,77,21.342525,18.275485,0.494266590,4.198284550,3
206,175,55,16.880165,13.015692,0.265024213,4.168148647,1
207,271,65,18.899024,14.634434,0.503345188,4.365152048,1
208,360,93,26.342788,21.029635,0.752658775,4.747894723,3
209,422,70,21.492571,16.418321,0.674556817,4.266275923,3
210,266,65,16.669689,15.746467,0.271362401,4.155826668,1
211,239,72,18.580565,17.386613,0.562648385,4.106008603,1
212,349,82,23.959543,18.224341,0.798034427,4.341902671,3
213,406,88,25.866481,17.863383,0.790375346,4.400383842,3
214,245,55,15.199834,15.571088,0.439723505,4.173764675,1
215,368,82,20.683039,20.905151,0.555889331,4.407420365,3
216,255,72,19.440491,17.123392,0.385664299,4.083955660,1
217,342,62,20.313532,14.701630,0.686306561,4.434860160,2
218,263,52,15.118045,14.324317,0.296435960,4.137082026,1
219,349,83,25.665807,18.671346,0.749160476,4.652927897,3
220,384,91,25.237752,20.930782,0.778898608,4.693417162,3
221,433,72,19.895259,19.609375,0.703421733,4.507590012,3
222,359,83,24.957216,19.543961,0.515243583,4.530534535,3
223,190,64,18.785245,14.539795,0.347505965,4.120008545,1
224,305,61,18.707555,15.338504,0.529924287,4.412669215,2
225,251,66,16.351995,18.818842,0.316489685,4.117283680,1
226,192,68,19.655262,17.521983,0.377361822,4.242460235,1
227,230,75,20.863469,16.251945,0.320535257,4.420967567,1
228,404,76,22.483800,18.305132,0.592498747,4.565464808,3
229,140,68,19.852406,15.268034,0.538633138,4.202296635,1
230,277,65,18.775594,15.403202,0.773583007,4.198029975,1
231,385,68,19.309484,15.038504,0.392472762,4.429376120,2
232,261,59,15.292880,16.408203,0.551699247,4.207349528,1
233,258,61,18.734287,15.898758,0.300530534,4.197299090,1
234,334,77,22.113455,16.451778,0.582647915,4.157652873,2
235,357,84,24.296817,19.984592,0.596784933,4.667612693,3
236,231,66,19.112091,13.254164,0.485351680,4.227996230,1
237,221,61,17.273365,15.517493,0.413469543,4.067384072,1
238,283,53,17.813793,13.781356,0.498753071,3.979052323,1
239,305,68,21.379943,16.930599,0.451793882,4.340435049,2
240,315,62,17.607830,16.376136,0.578773724,4.131638659,2
241,341,70,24.252833,14.344060,0.587391030,4.199326581,2
242,460,82,25.536819,16.913289,0.704093044,4.589872487,3
243,324,58,19.211558,11.000000,0.388078026,4.124245092,1
244,306,64,19.632600,14.972624,0.699974604,4.437654459,2
245,336,75,22.417879,18.500961,0.433915534,4.461384612,2
246,358,64,20.595857,13.192331,0.553888937,4.128058872,2
247,228,57,17.197390,12.918312,0.297269820,4.110203222,1
248,284,67,19.418171,14.338927,0.560126548,4.042151877,1
249,371,83,24.543547,19.221540,0.605246748,4.612162139,3
250,416,78,20.361052,18.503762,0.621179947,4.207363566,2
251,185,54,13.536010,16.194642,0.537584872,4.226763332,1
252,297,62,19.423736,14.081788,0.500468628,4.058372088,1
253,257,57,16.379964,14.834061,0.684456069,4.217283156,2
254,322,81,25.990897,18.201916,0.733981982,4.485203851,3
255,260,79,22.758258,16.513890,0.635184186,3.948862537,2
256,209,67,22.345714,14.284943,0.423109576,4.305849092,1
257,424,78,22.516003,20.262565,0.767252688,4.569389131,3
258,295,63,21.629814,13.549986,0.489307577,4.481949556,2
259,444,80,22.554875,18.717212,0.553756977,4.567812957,3
260,278,76,20.708140,16.754933,0.442981088,4.060598665,1
261,175,62,17.122580,16.031952,0.468791346,4.427098500,1
262,227,70,20.421957,16.861091,0.511433007,4.543618962,2
263,170,57,18.933579,13.393241,0.606988157,4.255112247,1
264,275,68,22.738493,12.194322,0.519338086,4.282923585,1
265,321,79,22.032960,15.560493,0.705208882,4.184561859,2
266,294,57,15.627730,14.992440,0.576184489,4.156170724,1
267,286,74,23.451693,15.688476,0.548919185,4.430228002,2
268,194,51,15.316903,12.874441,0.290221532,3.996328558,1
269,319,65,21.113600,15.360050,0.438017915,4.230859487,2
270,318,89,25.643032,15.952622,0.681904743,4.413472461,3
271,222,72,21.405932,16.099374,0.465175660,4.400977684,2
272,185,70,18.852555,15.544836,0.564041670,4.140703742,1
273,222,59,14.047975,15.732334,0.411025077,4.105294376,1
274,210,68,20.033771,14.884218,0.502535391,4.308332109,1
275,187,69,19.839426,15.030466,0.640248685,4.282227085,1
276,198,61,17.187717,15.135405,0.291247635,4.067863942,1
277,227,65,18.404150,16.563946,0.375962890,4.308513842,1
278,296,64,21.539843,13.498408,0.557299255,4.277026528,2
279,151,50,17.114218,12.371589,0.515713548,4.188890048,1
280,202,64,19.509908,14.167163,0.389066041,4.172006182,1
281,159,59,17.909081,14.218670,0.744915719,4.192308911,1
282,272,60,17.687936,15.354679,0.323847244,4.422179649,1
283,322,78,23.377951,16.143243,0.549983605,4.436246738,2
284,184,65,18.362966,13.676483,0.338009277,4.135709147,1
285,297,79,23.210905,14.920829,0.327445243,4.093967370,1
286,165,64,17.366063,14.207512,0.612499480,4.088265267,1
287,365,71,20.649783,17.298243,0.380741424,4.348532984,2
288,186,72,21.872292,17.132750,0.363728634,4.176404142,2
289,354,75,23.295358,16.667001,0.569135716,4.542911854,3
290,226,63,17.540640,15.640080,0.403029763,4.332000131,1
291,346,70,23.618873,14.409287,0.651419463,4.591766879,2
292,229,67,17.285592,15.617168,0.477199106,4.132991572,1
293,337,85,23.681866,19.837748,0.894878168,4.428228266,3
294,391,69,20.360380,16.671699,0.547475216,4.429535612,3
295,381,90,26.938696,18.875962,0.900000000,4.465920088,3
296,247,65,21.013133,14.469798,0.512978363,4.431779458,1
297,302,72,22.059043,15.947831,0.453723153,4.598255289,2
298,467,74,22.830622,17.868658,0.767685306,4.471157319,3
299,272,69,21.572612,15.600829,0.559687453,4.066552839,2
300,297,72,19.923452,15.109620,0.452814496,4.369167716,2
301,310,80,23.364602,19.763279,0.716790364,4.486873967,3
302,306,70,20.787765,13.320307,0.471263845,4.106553440,2
303,265,66,16.423532,16.126829,0.689351224,4.139000060,1
304,398,68,23.455592,16.430543,0.618848244,4.444712248,3
305,252,56,17.356537,15.642942,0.373885005,4.609775457,1
306,333,87,25.621973,21.973548,0.570833943,4.756090085,3
307,284,78,18.150789,18.121998,0.616018379,4.135796053,1
308,253,75,20.341397,19.311855,0.469173858,4.276624324,2
309,403,86,24.890519,17.006884,0.701658287,4.589239557,3
310,320,60,18.368743,16.642626,0.481734707,4.531474018,2
311,408,80,21.549589,20.235291,0.764827834,4.530706360,3
312,290,66,22.419132,16.525560,0.630432441,4.367614916,2
313,354,90,27.490233,20.524064,0.691500403,4.482355299,3
314,334,68,22.215979,15.131362,0.622781516,4.520276559,2
315,222,65,18.927130,16.011854,0.373741139,4.151271913,1
316,399,85,24.986974,18.168932,0.529935365,4.347401846,3
317,249,77,21.475350,16.058804,0.483754864,4.363470800,2
318,394,77,23.319969,15.842605,0.736346225,4.659138470,3
319,279,64,18.953196,13.175415,0.415055526,4.288232838,1
320,355,83,23.854260,18.785391,0.819842232,4.640733432,3
321,400,74,21.641853,16.438464,0.669895988,4.645821674,3
322,408,65,20.546421,15.861354,0.803187221,4.495150620,3
323,424,87,24.593483,22.000000,0.817500049,4.548537625,3
324,240,49,17.794696,12.985685,0.522027433,4.255731477,1
325,203,56,16.342516,16.373246,0.415153929,4.413362891,1
326,256,72,23.240899,15.617168,0.433550437,4.291532718,2
327,253,64,20.236335,12.778313,0.388014586,4.221851704,1
328,265,60,18.239694,14.188275,0.297691713,3.982787795,1
329,231,64,19.843450,14.471123,0.675607470,4.210057654,1
330,323,68,18.961826,16.913362,0.322949346,4.447892230,2
331,391,80,24.356060,16.161990,0.581151647,4.719299488,3
332,205,67,18.842161,15.570795,0.634993291,4.364345615,1
333,358,86,28.102487,18.037522,0.584243689,4.329165492,3
334,215,71,19.530803,16.278460,0.546617676,4.239886970,1
335,325,67,19.820579,17.244036,0.253829759,4.123566136,1
336,182,72,21.154724,18.688673,0.491115143,4.385407490,2
337,209,62,18.570620,13.325914,0.549143633,3.970561305,1
338,355,86,27.425033,19.418952,0.450742494,4.160864475,3
339,209,56,17.621986,15.042344,0.494095562,4.042421207,1
340,317,75,20.241940,16.444940,0.479398717,4.337482861,2
341,230,63,18.426386,17.562402,0.722414854,4.333265642,2
342,146,62,18.521085,13.250904,0.659313682,4.524408460,1
343,250,69,17.764175,16.598514,0.419662247,4.228236378,1
344,334,80,25.475061,14.144756,0.488885934,4.242492218,2
345,355,86,25.385364,16.329619,0.669622480,4.821579362,3
346,286,87,24.838549,19.522165,0.625725185,4.345666757,3
347,234,63,19.105082,14.778728,0.676428170,4.101200659,1
348,329,71,22.536658,14.531930,0.692704399,4.170444602,2
349,291,68,19.513988,18.299876,0.291824194,4.264998234,2
350,345,81,24.255885,17.763203,0.703481352,4.070807952,2
351,241,64,20.212573,16.967007,0.560408706,4.538847994,2
352,195,58,15.038740,12.705693,0.530635738,4.243714449,1
353,280,56,18.136300,13.642537,0.529097097,4.130091601,1
354,252,75,21.255900,18.498295,0.555786970,4.519175709,2
355,212,73,23.442347,17.549462,0.441659768,4.111814685,1
356,247,67,17.488977,15.653801,0.455534534,4.276715904,1
357,243,60,16.553112,13.921232,0.484143955,4.080662496,1
358,260,55,17.912233,13.906007,0.224602740,4.073884555,1
359,381,76,22.982739,16.726942,0.775986602,4.518105904,3
360,253,60,20.072905,12.756046,0.497734783,3.984838216,1
361,431,80,25.589812,19.263585,0.700029340,4.697816718,3
362,291,74,21.099433,19.652928,0.662920490,4.494995596,2
363,492,77,25.085159,16.590521,0.900000000,4.300232851,3
364,368,84,21.745035,19.043538,0.710443895,4.515891164,3
365,230,84,23.869410,15.363022,0.710838029,4.607677819,2
366,296,70,18.557155,17.091889,0.544129457,4.130829580,2
367,263,79,24.028219,18.047745,0.519052887,4.364701367,2
368,357,92,31.126115,16.702085,0.686087135,4.638806020,3
369,349,72,20.943068,20.107257,0.758320329,4.565790706,3
370,328,69,21.599139,16.092904,0.398558512,4.352631261,2
371,384,82,24.145682,17.658947,0.777022581,4.490752922,3
372,248,65,20.016346,13.650316,0.382016467,4.339859286,1
373,277,68,19.490486,14.377448,0.516856203,4.186526854,1
374,308,71,20.183189,18.205301,0.249325987,4.148711271,1
375,287,74,21.782141,16.047837,0.671671817,4.488018863,2
376,258,80,22.149485,17.611435,0.588927397,4.363900922,2
377,280,71,20.229935,17.600584,0.608387043,4.470837678,2
378,314,67,21.153561,17.507724,0.767166768,4.610916986,3
379,330,71,20.816824,15.036841,0.790985253,4.394314525,2
380,423,68,19.779649,16.004815,0.713791723,4.190002773,2
381,382,89,26.231416,18.848625,0.579550215,4.636114486,3
382,327,75,22.418053,17.358708,0.553572591,4.649053352,3
383,292,60,18.820713,16.008192,0.713344679,4.457277473,2
384,259,68,22.334762,15.852817,0.489143648,4.248136020,2
385,309,75,20.201429,18.310567,0.542662127,4.234527752,2
386,447,78,22.307805,15.475879,0.627313735,4.311012626,3
387,241,71,20.311841,18.810282,0.645833378,4.293224026,2
388,297,78,20.495674,18.844598,0.532986811,4.184503922,2
389,353,72,20.523728,17.758188,0.555637122,4.203116217,2
390,252,62,19.668274,15.191653,0.586612936,4.384242881,2
391,334,86,23.993808,18.942989,0.687946527,4.191048767,3
392,469,90,27.642723,19.070566,0.753918447,4.408413073,3
393,183,62,18.243521,12.998430,0.484372195,4.173907724,1
394,389,79,22.943014,19.549322,0.550925483,4.462920664,3
395,339,69,20.841418,17.005028,0.607801813,4.055004988,2
396,310,78,23.126199,17.458882,0.694184278,4.331188897,2
397,282,65,20.085088,15.354345,0.490239135,4.335239131,2
398,231,54,14.362732,15.599107,0.439520253,4.278009742,1
399,209,65,19.964722,14.783695,0.638520432,4.037204700,1
400,324,71,22.190487,16.936013,0.627119449,4.609597896,3
401,333,65,17.974136,15.991711,0.695179031,4.420065563,2
402,334,75,22.209548,17.542008,0.704402934,4.225000933,2
403,334,71,22.574249,17.437087,0.693719024,4.294870618,2
404,444,82,23.998153,17.322102,0.683933556,4.439481331,3
405,267,57,18.623466,15.757217,0.423586839,4.353446164,1
406,322,76,23.908160,17.538436,0.575443290,4.586795598,3
407,391,85,24.285866,18.292315,0.588789672,4.472956818,3
408,253,66,19.925677,14.887885,0.232748859,4.159359137,1
409,445,86,26.612694,18.879752,0.585781958,4.517982610,3
410,220,53,15.532956,15.649467,0.416717296,4.324569636,1
411,253,82,28.657172,15.279925,0.581634106,4.416908165,2
412,466,79,23.849074,18.439168,0.880022497,4.389257071,3
413,363,77,20.842913,18.641343,0.732035931,4.525664794,3
414,423,86,24.779016,17.813694,0.814245831,4.402467058,3
415,370,88,25.759046,21.122483,0.430872261,4.473083547,3
416,384,75,20.145673,20.693529,0.381930681,4.405435721,2
417,251,54,16.869713,14.368555,0.219488916,4.234062577,1
418,245,73,21.182427,16.417976,0.662979893,4.184093152,2
419,320,67,20.365021,15.394547,0.541299835,4.474918168,2
420,422,78,23.370241,20.959673,0.682948385,4.475424067,3
421,309,81,24.876968,17.836080,0.710940427,4.404150134,3
422,349,85,24.678957,17.850937,0.885111676,4.403669198,3
423,327,76,22.929736,16.853530,0.818560096,4.561178520,3
424,316,70,18.722826,18.704370,0.702848177,4.355541029,2
425,412,77,23.596915,17.879718,0.625791508,4.451575298,3
426,261,66,17.343406,14.400290,0.351049535,4.025065428,1
427,328,79,22.819652,15.805154,0.710292063,4.378876365,2
428,379,84,23.897271,17.355273,0.688523561,4.531497774,3
429,376,76,21.188888,18.428558,0.251058351,4.298861986,2
430,346,80,21.888512,16.515920,0.499235260,4.256030459,2
431,436,87,27.007887,18.216969,0.621208373,4.577657185,3
432,374,74,23.942831,17.187278,0.584144307,4.466063362,3
433,410,83,25.928667,16.968738,0.478982707,4.555101134,3
434,231,54,15.331144,12.315163,0.608271530,4.191866965,1
435,302,66,21.868434,14.682601,0.500971963,4.183802798,2
436,200,53,14.386901,14.354321,0.341802222,4.065792063,1
437,379,81,22.074961,21.419154,0.759002816,4.657031920,3
438,268,62,19.531150,13.574090,0.344956908,4.598978901,1
439,250,68,17.570797,16.163956,0.310595616,4.089311988,1
440,314,62,15.796996,16.635122,0.529983552,4.452386870,2
441,397,79,24.201168,18.664750,0.553211410,4.385914039,3
442,313,85,25.812984,19.924134,0.747539495,4.415827533,3
443,358,86,26.559666,19.042605,0.871280128,4.364259128,3
444,177,51,15.165516,14.782636,0.383072341,4.153333792,1
445,390,83,23.347100,19.663785,0.740555277,4.316356162,3
446,350,83,27.524763,18.152659,0.624613522,4.443084237,3
447,444,84,28.874516,15.432325,0.652302774,4.484543347,3
448,441,85,26.869110,17.807450,0.900000000,4.504587912,3
449,394,80,22.284124,20.525013,0.747829987,4.450307562,3
450,335,80,24.603771,16.130179,0.680348694,4.427591242,3
451,353,75,22.652570,16.416144,0.471941384,4.321043924,2
452,250,64,16.863651,13.645809,0.439076934,4.396644287,1
453,341,72,18.920446,18.712890,0.456977378,4.259825647,2
454,311,87,25.843864,18.114193,0.723903516,4.384719919,3
455,329,72,20.237010,18.017922,0.257368532,4.407100497,2
456,340,82,24.407582,18.999681,0.598934138,4.483266289,3
457,400,86,26.821582,17.457680,0.824860966,4.317408927,3
458,294,80,24.165087,19.355607,0.900000000,4.506909938,3
459,431,75,24.094662,18.357341,0.780871958,4.652985020,3
460,307,67,20.965569,14.995645,0.371371033,4.351309995,2
461,200,61,17.725263,14.508566,0.421935497,4.424982833,1
462,474,86,26.861427,19.748133,0.599864525,4.458919081,3
463,401,80,23.845759,18.906717,0.713277692,4.523498575,3
464,260,74,20.072461,17.674924,0.531972927,4.352196772,2
465,404,74,20.607942,18.071339,0.584157595,4.492414358,3
466,405,91,27.826705,17.398693,0.647556208,4.580363919,3
467,258,79,22.442106,17.598218,0.533460768,4.323456756,2
468,401,79,24.921617,17.029131,0.490546643,4.486839551,3
469,326,73,19.394523,17.552046,0.595056999,4.263783200,2
470,289,71,19.537415,16.976301,0.548381596,4.242343060,2
471,380,73,22.256109,15.393655,0.726905912,4.513863332,3
472,449,75,18.271586,20.230732,0.830017886,4.362789374,3
473,339,75,21.602237,18.037767,0.881041641,4.550633438,3
474,267,61,16.755005,17.096520,0.592768266,4.275797349,1
475,354,71,21.618853,17.565496,0.675022371,4.416736520,2
476,455,85,24.642328,18.718652,0.747660454,4.543642619,3
477,390,82,23.591544,17.319707,0.623754213,4.459656522,3
478,216,69,17.777846,14.858513,0.478725441,4.304367534,1
479,310,80,23.475716,19.116836,0.494636583,4.743787666,3
480,268,70,23.038585,13.302989,0.573346374,4.231105144,2
481,322,75,22.664317,17.216992,0.779502812,4.368057031,2
482,441,81,23.849801,18.869143,0.246899795,4.563454042,3
483,358,84,22.490404,19.645042,0.455416490,4.900000000,3
484,398,85,28.370861,18.639449,0.581553468,4.643791294,3
485,333,78,23.516012,17.402449,0.390367430,4.386665362,2
486,199,60,13.376043,13.340301,0.364919277,4.366321952,1
487,423,77,22.187004,17.526340,0.799040570,4.585930682,3
488,316,84,23.518513,19.953917,0.551056264,4.380641371,2
489,284,64,16.395481,17.340596,0.469306301,4.531158405,2
490,455,78,22.027615,20.009905,0.500520587,4.631273216,3
491,269,64,17.283773,15.955451,0.475289766,4.269810154,1
492,464,90,22.709013,20.445459,0.641046978,4.668972916,3
493,340,69,19.041125,18.461961,0.603914151,4.426292701,3
494,280,78,24.005108,18.288088,0.677501283,4.660577560,2
495,255,86,28.654162,18.600757,0.673874819,4.247591933,3
496,415,79,23.670772,14.755407,0.576547155,4.646878431,3
497,315,89,26.951394,18.140087,0.749129162,4.533328174,2
498,313,72,20.319173,17.013841,0.708419284,4.500151335,3
499,379,76,25.098851,19.780078,0.680874466,4.459682098,3
500,424,77,22.221325,16.745372,0.775445612,4.628581902,3
501,428,78,21.483660,17.833284,0.619498967,4.742178420,3
502,368,88,25.935347,18.799527,0.667081928,4.565363367,3
503,373,73,21.123875,18.767332,0.650953400,4.339650832,3
504,368,81,24.062479,19.098701,0.656627502,4.562986989,3
505,330,69,21.846451,17.453756,0.708086051,4.323231370,2
506,376,81,25.861692,18.239903,0.714992673,4.258827888,3
507,407,78,25.788906,16.999317,0.720371203,4.400459077,3
508,233,68,18.434065,15.554944,0.500304951,4.438024924,1
509,362,83,26.161284,15.851972,0.691076167,4.647486982,3
510,421,92,28.393091,17.014812,0.767425489,4.486932731,3
511,310,77,22.642371,18.920154,0.619400704,4.332723941,2
512,345,87,26.387663,20.299706,0.653125516,4.246688493,3
513,325,64,19.011757,13.662257,0.501113049,4.094775446,2
514,287,75,21.126561,18.544985,0.450127066,4.080772596,2
515,327,62,17.997959,16.047312,0.511808307,4.363616573,2
516,513,84,23.396373,18.498439,0.626677308,4.129965117,3
517,222,91,27.120683,16.085716,0.530518620,4.484754092,3
518,396,80,23.560105,16.971628,0.751579544,4.448187389,3
519,215,74,22.109728,17.076987,0.400375379,4.225757483,2
520,356,75,24.667060,15.904514,0.582697937,4.795960829,3
521,359,82,23.592725,17.754418,0.812758936,4.419895926,3
522,337,86,25.778081,17.857475,0.660776193,4.487593343,3
523,320,83,21.767963,21.459561,0.735714085,4.449476573,3
524,377,67,18.821768,18.458128,0.666593808,4.548878836,3
525,369,84,26.626888,17.958649,0.632814036,4.551107484,3
526,433,83,23.598638,18.781393,0.602546048,4.325308324,3
527,393,78,25.466108,19.378690,0.518381263,4.516769958,3
528,329,68,18.720179,17.300960,0.629854996,4.289869438,2
529,441,68,20.196035,19.229814,0.693021429,4.632740350,3
530,230,77,20.208393,16.902830,0.335382035,4.183660296,1
531,240,75,20.903929,16.866137,0.569242251,4.238547989,2
532,424,93,28.177119,16.931251,0.627013655,4.653523095,3
533,380,76,20.485540,17.854271,0.786118548,4.594934214,3
534,476,80,23.007968,16.752898,0.547702138,4.482810488,3
